Frequency,Estimated_X,Estimated_Y,Estimated_Z,Clock_Bias,Position_Difference,GDOP,Num_Satellites,Real_X,Real_Y,Real_Z
C1,4092228.3995948494,473363.9024341109,4559354.496508069,-0.00027989729514319854,267337.65228336694,200711.1193497019,11,4331297.348,567555.639,4633133.728
C2,4281055.691490295,487141.66713995475,4587378.256978193,2.360975172653314e-05,105281.49907545352,220302.3266424515,9,4331297.348,567555.639,4633133.728
P2,4092235.6461626342,473364.76614835643,4559362.90866108,-0.0002798366488226477,267328.5461746796,200711.11599140108,11,4331297.348,567555.639,4633133.728
C5,4592922.804490584,613587.6295602575,5058349.340238574,0.000766805641586774,501373.2547017952,388815.7010551859,5,4331297.348,567555.639,4633133.728
